pub_id,title,doi,publication_year,openalex_url,original
J0CGOY,Epibiont communities on mussels in relation to parasitism and location in the rocky intertidal zone,https://doi.org/10.1093/femsec/fiae101,2024,https://openalex.org/W4401557023,yes
3M7H2G,No Effect of Realistic Concentrations of Polyester Microplastic Fibers on Freshwater Zooplankton Communities,https://doi.org/10.1002/etc.5797,2023,https://openalex.org/W4389140566,yes
R0VDLY,Ecological and environmental context shape the differential effects of a facilitator in its native and invaded ranges,https://doi.org/10.1002/ecy.3478,2021,https://openalex.org/W3179826834,yes
MJCM5M,Genomic divergence and introgression between cryptic species of a widespread North American songbird,https://doi.org/10.1111/mec.17169,2023,https://openalex.org/W4388232027,yes
YQOMDB,Quantifying impacts of recreation on elk (<i>Cervus canadensis</i>) using novel modeling approaches,https://doi.org/10.1002/ecs2.4873,2024,https://openalex.org/W4399828447,yes
0FWV9J,Kleptoparasites of social spider colonies do not track hosts' subdivided population structure,https://doi.org/10.1111/mec.16718,2022,https://openalex.org/W4302424781,yes
AJCITV,"Quantifying throughfall, stemflow and interception loss in five vegetation communities in a maritime raised bog",https://doi.org/10.1016/j.agrformet.2022.109202,2022,https://openalex.org/W4307029833,yes
Y6WJ1C,Using accelerometry tags to quantify gray whale foraging behavior,https://doi.org/10.1111/mms.13210,2024,https://openalex.org/W4404872509,yes
JH6EM1,Spatio-temporal patterns in coral reef composition and function across an altered environmental gradient: A 15-year study in the Caribbean,https://doi.org/10.3389/fmars.2022.977551,2023,https://openalex.org/W4313584893,yes
HV8US8,Hyperabundant black-tailed deer impact endangered Garry oak ecosystem floral and bumblebee communities,https://doi.org/10.1016/j.gecco.2022.e02237,2022,https://openalex.org/W4286675749,yes
QOUIZX,Interannual climatic sensitivity of surface energy flux densities and evapotranspiration in a disturbed and rewetted ombrotrophic bog,https://doi.org/10.1016/j.agrformet.2025.110501,2025,https://openalex.org/W4408853494,yes
A4ZMZ1,Nomadic breeders Snowy Owls (<i>Bubo scandiacus</i>) do not use stopovers to sample the summer environment,https://doi.org/10.1111/ibi.12950,2021,https://openalex.org/W3136340045,yes
F75IPQ,Summer distribution and habitat preference of beluga whale social groups in the Eastern Beaufort Sea,https://doi.org/10.1139/as-2022-0035,2023,https://openalex.org/W4322622986,yes
QQ86EY,"Overview of Brine-Hosted Lithium Mineral Resources, Distribution, and Genesis in the Western Canada Sedimentary Basin",https://doi.org/10.3749/2400035,2025,https://openalex.org/W4412735071,yes
V0W1WV,Impact of water stress on &lt;i&gt;Phaeomoniella chlamydospora&lt;/i&gt; abundance and Petri disease symptom development in young grapevines,https://doi.org/10.20870/oeno-one.2025.59.1.8317,2025,https://openalex.org/W4406034533,yes
GFVZEA,Modelling growing season carbon fluxes at a low-center polygon ecosystem in the Mackenzie River Delta,https://doi.org/10.1139/as-2022-0033,2023,https://openalex.org/W4377087162,yes
FO2DED,Functional characteristics of zooplankton bioregions along the cross-shelf gradient,https://doi.org/10.1016/j.pocean.2025.103559,2025,https://openalex.org/W4413449454,yes
JWDP8N,Combining camera trap surveys and IUCN range maps to improve knowledge of species distributions,https://doi.org/10.1111/cobi.14221,2023,https://openalex.org/W4388499228,yes
XMPVDB,Investigating properties of sweet cherry (<i>Prunus avium</i>) flower buds that help promote freezing avoidance by supercooling,https://doi.org/10.1111/plb.13697,2024,https://openalex.org/W4401783365,yes
W7GLF6,Estimating abundance of Eastern Canada-West Greenland bowhead whales using genetic mark-recapture analyses,https://doi.org/10.1016/j.gecco.2023.e02524,2023,https://openalex.org/W4378189281,yes
VBVXBA,"Intertidal beach habitat suitability model for Pacific sand lance (<i>Ammodytes personatus</i>) in the Salish Sea, Canada",https://doi.org/10.1139/cjfas-2021-0335,2022,https://openalex.org/W4281254065,yes
3KDYC4,"The cold tolerance of the terrestrial slug, Ambigolimax valentianus",https://doi.org/10.1007/s00359-025-01730-z,2025,https://openalex.org/W4406274889,yes
NQTETG,The fitness landscape of a community of Darwin’s finches,https://doi.org/10.1093/evolut/qpad160,2023,https://openalex.org/W4386466865,yes
TYO40B,Temporal and spatial evolution of bottom-water hypoxia in the St Lawrence estuarine system,https://doi.org/10.5194/bg-20-839-2023,2023,https://openalex.org/W4321787630,yes
AKWYAK,"Weather and catchment morphology drive thermal regime variation among subarctic ponds, and possible effects on resident Arctic charr",https://doi.org/10.1007/s10452-026-10269-3,2026,https://openalex.org/W7135049694,yes
7XDQWL,Individual Prey Specialization Drives PCBs in Icelandic Killer Whales,https://doi.org/10.1021/acs.est.0c08563,2021,https://openalex.org/W3137757793,no
XPEDN0,Seasonal dynamics and optimal diagnostics of<i>Grapevine red blotch virus</i>in a British Columbian vineyard,https://doi.org/10.1080/07060661.2021.1993346,2021,https://openalex.org/W3205334821,yes
3ZAMR4,A basic community dynamics experiment: Disentangling deterministic and stochastic processes in structuring ecological communities,https://doi.org/10.1002/ece3.9568,2022,https://openalex.org/W4310672748,no
A8AS63,Strong scale‐dependent relationships between fine‐root function and soil properties uncovered with spatially coupled sampling,https://doi.org/10.1111/nph.70143,2025,https://openalex.org/W4409974870,yes
A415C6,Game over for gamefishes after zebra and quagga mussel invasion: not in prairie lakes?,https://doi.org/10.1139/cjfas-2025-0028,2025,https://openalex.org/W4417408600,yes
LXXDPU,Movement ecology of endangered caribou during a <scp>COVID</scp>‐19 mediated pause in winter recreation,https://doi.org/10.1111/acv.12912,2023,https://openalex.org/W4387895246,yes
2OLAHP,"Experimentally derived trophic enrichment and discrimination factors for Chinook salmon, <scp> <i>Oncorhynchus tshawytscha</i> </scp>",https://doi.org/10.1002/rcm.9092,2021,https://openalex.org/W3144995884,no
QEJPFN,Plant-Pollinator Specialization: Origin and Measurement of Curvature,https://doi.org/10.1086/717677,2021,https://openalex.org/W3205813039,yes
BHIRGB,Crowd-sourced observations of a polyphagous moth reveal evidence of allochronic speciation varying along a latitudinal gradient,https://doi.org/10.1371/journal.pone.0288415,2023,https://openalex.org/W4384161835,yes
TLL4FA,"A new species of Sisyra Burmeister, 1839 (Neuroptera: Sisyridae) from Peru, with identification key to the Neotropical species of the genus",https://doi.org/10.1590/1806-9665-rbent-2022-0051,2022,https://openalex.org/W4312270662,yes
K7BFTR,Species Loss Scenarios Identify Canada's Northern Ecosystems as Disproportionately Vulnerable,https://doi.org/10.1111/jbi.70139,2026,https://openalex.org/W7123352686,yes
V5D7TV,Patterns of functional diversity along latitudinal gradients of species richness in eleven fish families,https://doi.org/10.1111/geb.13633,2023,https://openalex.org/W4319834864,yes
BRJRAI,Modeling Mycorrhizal Carbon Costs in Temperate Forests: The Impacts of Functional Diversity and Global Change Factors,https://doi.org/10.1029/2025jg009198,2025,https://openalex.org/W4415313587,yes
